Category,Rank
Toys & Games,1
Toys & Games,6
Toys & Games,11
Toys & Games,16
Toys & Games,21
Toys & Games,26
Toys & Games,31
Home & Garden,36
Home & Garden,41
Home & Garden,46
Home & Garden,51
Home & Garden,61
Home & Garden,71
Home & Garden,81
Home & Garden,91
Home & Garden,101
Home & Garden,126
Home & Garden,151
Industrial & Scientific,176
Industrial & Scientific,201
Industrial & Scientific,226
Industrial & Scientific,251
Industrial & Scientific,276
Industrial & Scientific,301
Industrial & Scientific,326
Industrial & Scientific,351
Industrial & Scientific,376
Industrial & Scientific,401
Industrial & Scientific,426
Pet Supplies,451
Pet Supplies,476
Pet Supplies,501
Pet Supplies,551
Pet Supplies,601
Pet Supplies,651
Pet Supplies,701
Pet Supplies,751
Pet Supplies,801
Pet Supplies,851
Home & Kitchen,901
Home & Kitchen,951
Home & Kitchen,1001
Home & Kitchen,1051
Home & Kitchen,1101
Home & Kitchen,1151
Home & Kitchen,1201
Home & Kitchen,1251
Sports & Outdoors,1301
Sports & Outdoors,1351
Sports & Outdoors,1401
Sports & Outdoors,1451
Sports & Outdoors,1501
Sports & Outdoors,1551
Sports & Outdoors,1601
Sports & Outdoors,1651
Sports & Outdoors,1701
Toys & Games,1751
Toys & Games,1801
Toys & Games,1851
Toys & Games,1901
Toys & Games,1951
Toys & Games,2001
Toys & Games,2051
Toys & Games,2101
Toys & Games,2151
Toys & Games,2201
Toys & Games,2251